ANIO|CLAVE DEL FORMULARIO|CLAVE DE LA ENTIDAD|TIPO DE CLIENTE O USUARIO|CLASIFICACION POR GRADO DE RIESGO|PAIS DE NACIONALIDAD|PAIS DE RESIDENCIA|ENTIDAD FEDERATIVA DE RESIDENCIA|ACTIVIDAD ECONOMICA|NUMERO TOTAL DE CLIENTES O USUARIOS
2025|A1|12345|01  |1|157|157|5|00000000000111013|3
2025|A1|12345|01  |1|157|157|5|00000000000111039|3
2025|A1|12345|01  |1|157|157|5|00000000000111047|5
2025|A1|12345|01  |1|157|157|5|00000000000111063|33
2025|A1|12345|01  |1|157|157|5|00000000000111089|5
2025|A1|12345|01  |1|157|157|5|00000000000111104|9
2025|A1|12345|01  |1|157|157|5|00000000000112045|2
2025|A1|12345|01  |1|157|157|5|00000000000112053|1
2025|A1|12345|01  |1|157|157|5|00000000000112128|4
2025|A1|12345|01  |1|157|157|5|00000000000113019|2
2025|A1|12345|01  |1|157|157|5|00000000000121012|2
2025|A1|12345|01  |1|157|157|5|00000000000124040|23
2025|A1|12345|01  |1|157|157|5|00000000000129016|2
2025|A1|12345|01  |1|157|157|5|00000000000129024|4
2025|A1|12345|01  |1|157|157|5|00000000000129032|3
2025|A1|12345|01  |1|157|157|5|00000000000131011|4
2025|A1|12345|01  |1|157|157|5|00000000000142084|4
2025|A1|12345|01  |1|157|157|5|00000000000149014|6
2025|A1|12345|01  |1|157|157|5|00000000000149907|13
2025|A1|12345|01  |1|157|157|5|00000000000149915|1
2025|A1|12345|01  |1|157|157|5|00000000000191015|1
2025|A1|12345|01  |1|157|157|5|00000000000191023|3
2025|A1|12345|01  |1|157|157|5|00000000000211011|34
2025|A1|12345|01  |1|157|157|5|00000000000212019|13
2025|A1|12345|01  |1|157|157|5|00000000000213017|1
2025|A1|12345|01  |1|157|157|5|00000000000214015|3
2025|A1|12345|01  |1|157|157|5|00000000000219015|12
2025|A1|12345|01  |1|157|157|5|00000000000219908|5
2025|A1|12345|01  |1|157|157|5|00000000000221010|3
2025|A1|12345|01  |1|157|157|5|00000000000222018|4
2025|A1|12345|01  |1|157|157|5|00000000000223016|5
2025|A1|12345|01  |1|157|157|5|00000000000231019|1
2025|A1|12345|01  |1|157|157|5|00000000000232017|4
2025|A1|12345|01  |1|157|157|5|00000000000259011|7
2025|A1|12345|01  |1|157|157|5|00000000000311019|6
2025|A1|12345|01  |1|157|157|5|00000000000313015|33
2025|A1|12345|01  |1|157|157|5|00000000000329905|1
2025|A1|12345|01  |1|157|157|5|00000000000391011|1
2025|A1|12345|01  |1|157|157|5|00000000000511015|1
2025|A1|12345|01  |1|157|157|5|00000000001111012|57
2025|A1|12345|01  |1|157|157|5|00000000001211010|1
2025|A1|12345|01  |1|157|157|5|00000000001211028|9
2025|A1|12345|01  |1|157|157|5|00000000001211903|1
2025|A1|12345|01  |1|157|157|5|00000000001311018|2
2025|A1|12345|01  |1|157|157|5|00000000001329904|4
2025|A1|12345|01  |1|157|157|5|00000000001411016|1
2025|A1|12345|01  |1|157|157|5|00000000001413012|2
2025|A1|12345|01  |1|157|157|5|00000000001419010|2
2025|A1|12345|01  |1|157|157|5|00000000001439018|2
2025|A1|12345|01  |1|157|157|5|00000000002011013|1
2025|A1|12345|01  |1|157|157|5|00000000002012011|7
2025|A1|12345|01  |1|157|157|5|00000000002012029|2
2025|A1|12345|01  |1|157|157|5|00000000002012037|1
2025|A1|12345|01  |1|157|157|5|00000000002012045|1
2025|A1|12345|01  |1|157|157|5|00000000002013019|1
2025|A1|12345|01  |1|157|157|5|00000000002013027|3
2025|A1|12345|01  |1|157|157|5|00000000002029024|3
2025|A1|12345|01  |1|157|157|5|00000000002029032|1
2025|A1|12345|01  |1|157|157|5|00000000002041010|1
2025|A1|12345|01  |1|157|157|5|00000000002049014|8
2025|A1|12345|01  |1|157|157|5|00000000002049022|7
2025|A1|12345|01  |1|157|157|5|00000000002049030|3
2025|A1|12345|01  |1|157|157|5|00000000002051019|1
2025|A1|12345|01  |1|157|157|5|00000000002051027|6
2025|A1|12345|01  |1|157|157|5|00000000002052017|3
2025|A1|12345|01  |1|157|157|5|00000000002061018|1
2025|A1|12345|01  |1|157|157|5|00000000002071017|33
2025|A1|12345|01  |1|157|157|5|00000000002072023|3
2025|A1|12345|01  |1|157|157|5|00000000002082014|1
2025|A1|12345|01  |1|157|157|5|00000000002089010|1
2025|A1|12345|01  |1|157|157|5|00000000002092021|1
2025|A1|12345|01  |1|157|157|5|00000000002093011|35
2025|A1|12345|01  |1|157|157|5|00000000002094019|1
2025|A1|12345|01  |1|157|157|5|00000000002094027|11
2025|A1|12345|01  |1|157|157|5|00000000002097013|6
2025|A1|12345|01  |1|157|157|5|00000000002098029|2
2025|A1|12345|01  |1|157|157|5|00000000002099043|23
2025|A1|12345|01  |1|157|157|5|00000000002111011|1
2025|A1|12345|01  |1|157|157|5|00000000002114023|1
2025|A1|12345|01  |1|157|157|5|00000000002122018|19
2025|A1|12345|01  |1|157|157|5|00000000002131019|1
2025|A1|12345|01  |1|157|157|5|00000000002131027|4
2025|A1|12345|01  |1|157|157|5|00000000002131043|5
2025|A1|12345|01  |1|157|157|5|00000000002312031|1
2025|A1|12345|01  |1|157|157|5|00000000002312049|1
2025|A1|12345|01  |1|157|157|5|00000000002313039|2
2025|A1|12345|01  |1|157|157|5|00000000002317015|1
2025|A1|12345|01  |1|157|157|5|00000000002317031|1
2025|A1|12345|01  |1|157|157|5|00000000002318039|1
2025|A1|12345|01  |1|157|157|5|00000000002319011|1
2025|A1|12345|01  |1|157|157|5|00000000002392025|2
2025|A1|12345|01  |1|157|157|5|00000000002394021|1
2025|A1|12345|01  |1|157|157|5|00000000002411015|4
2025|A1|12345|01  |1|157|157|5|00000000002411023|6
2025|A1|12345|01  |1|157|157|5|00000000002412013|10
2025|A1|12345|01  |1|157|157|5|00000000002412039|1
2025|A1|12345|01  |1|157|157|5|00000000002415017|27
2025|A1|12345|01  |1|157|157|5|00000000002419069|4
2025|A1|12345|01  |1|157|157|5|00000000002432011|176
2025|A1|12345|01  |1|157|157|5|00000000002434017|1
2025|A1|12345|01  |1|157|157|5|00000000002519017|3
2025|A1|12345|01  |1|157|157|5|00000000002529066|1
2025|A1|12345|01  |1|157|157|5|00000000002611029|1
2025|A1|12345|01  |1|157|157|5|00000000002612019|3
2025|A1|12345|01  |1|157|157|5|00000000002621010|6
2025|A1|12345|01  |1|157|157|5|00000000002633015|1
2025|A1|12345|01  |1|157|157|5|00000000002639039|4
2025|A1|12345|01  |1|157|157|5|00000000002711019|9
2025|A1|12345|01  |1|157|157|5|00000000002812015|11
2025|A1|12345|01  |1|157|157|5|00000000002829010|5
2025|A1|12345|01  |1|157|157|5|00000000002829028|1
2025|A1|12345|01  |1|157|157|5|00000000002921048|1
2025|A1|12345|01  |1|157|157|5|00000000002921056|1
2025|A1|12345|01  |1|157|157|5|00000000002929018|1
2025|A1|12345|01  |1|157|157|5|00000000002929026|1
2025|A1|12345|01  |1|157|157|5|00000000003011038|1
2025|A1|12345|01  |1|157|157|5|00000000003021011|1
2025|A1|12345|01  |1|157|157|5|00000000003032018|1
2025|A1|12345|01  |1|157|157|5|00000000003041019|3
2025|A1|12345|01  |1|157|157|5|00000000003051026|4
2025|A1|12345|01  |1|157|157|5|00000000003062015|1
2025|A1|12345|01  |1|157|157|5|00000000003071016|1
2025|A1|12345|01  |1|157|157|5|00000000003112018|1
2025|A1|12345|01  |1|157|157|5|00000000003113016|1
2025|A1|12345|01  |1|157|157|5|00000000003212024|5
2025|A1|12345|01  |1|157|157|5|00000000003219012|4
2025|A1|12345|01  |1|157|157|5|00000000003219038|1
2025|A1|12345|01  |1|157|157|5|00000000003221017|1
2025|A1|12345|01  |1|157|157|5|00000000003222015|1
2025|A1|12345|01  |1|157|157|5|00000000003229029|1
2025|A1|12345|01  |1|157|157|5|00000000003319010|1
2025|A1|12345|01  |1|157|157|5|00000000003319028|1
2025|A1|12345|01  |1|157|157|5|00000000003319036|1
2025|A1|12345|01  |1|157|157|5|00000000003321015|10
2025|A1|12345|01  |1|157|157|5|00000000003323029|14
2025|A1|12345|01  |1|157|157|5|00000000003323045|14
2025|A1|12345|01  |1|157|157|5|00000000003324019|1
2025|A1|12345|01  |1|157|157|5|00000000003331014|2
2025|A1|12345|01  |1|157|157|5|00000000003341013|2
2025|A1|12345|01  |1|157|157|5|00000000003341039|1
2025|A1|12345|01  |1|157|157|5|00000000003342011|2
2025|A1|12345|01  |1|157|157|5|00000000003354909|1
2025|A1|12345|01  |1|157|157|5|00000000003354917|1
2025|A1|12345|01  |1|157|157|5|00000000003411022|3
2025|A1|12345|01  |1|157|157|5|00000000003411030|4
2025|A1|12345|01  |1|157|157|5|00000000003421013|1
2025|A1|12345|01  |1|157|157|5|00000000003423027|1
2025|A1|12345|01  |1|157|157|5|00000000003511012|1
2025|A1|12345|01  |1|157|157|5|00000000003516038|28
2025|A1|12345|01  |1|157|157|5|00000000003516054|12
2025|A1|12345|01  |1|157|157|5|00000000003521037|4
2025|A1|12345|01  |1|157|157|5|00000000003531010|16
2025|A1|12345|01  |1|157|157|5|00000000003591022|2
2025|A1|12345|01  |1|157|157|5|00000000003593010|11
2025|A1|12345|01  |1|157|157|5|00000000003593028|1
2025|A1|12345|01  |1|157|157|5|00000000003593036|2
2025|A1|12345|01  |1|157|157|5|00000000003596014|12
2025|A1|12345|01  |1|157|157|5|00000000003599034|1
2025|A1|12345|01  |1|157|157|5|00000000003599042|32
2025|A1|12345|01  |1|157|157|5|00000000003599076|1
2025|A1|12345|01  |1|157|157|5|00000000003599092|5
2025|A1|12345|01  |1|157|157|5|00000000003611010|1
2025|A1|12345|01  |1|157|157|5|00000000003621019|1
2025|A1|12345|01  |1|157|157|5|00000000003621027|19
2025|A1|12345|01  |1|157|157|5|00000000003631018|2
2025|A1|12345|01  |1|157|157|5|00000000003632016|2
2025|A1|12345|01  |1|157|157|5|00000000003639905|3
2025|A1|12345|01  |1|157|157|5|00000000003641025|1
2025|A1|12345|01  |1|157|157|5|00000000003693018|3
2025|A1|12345|01  |1|157|157|5|00000000003694024|1
2025|A1|12345|01  |1|157|157|5|00000000003697010|1
2025|A1|12345|01  |1|157|157|5|00000000003699024|31
2025|A1|12345|01  |1|157|157|5|00000000003699032|19
2025|A1|12345|01  |1|157|157|5|00000000003711018|1
2025|A1|12345|01  |1|157|157|5|00000000003722023|1
2025|A1|12345|01  |1|157|157|5|00000000003729011|1
2025|A1|12345|01  |1|157|157|5|00000000003731016|2
2025|A1|12345|01  |1|157|157|5|00000000003791010|3
2025|A1|12345|01  |1|157|157|5|00000000003793016|9
2025|A1|12345|01  |1|157|157|5|00000000003793024|14
2025|A1|12345|01  |1|157|157|5|00000000003793032|6
2025|A1|12345|01  |1|157|157|5|00000000003811016|3
2025|A1|12345|01  |1|157|157|5|00000000003812014|15
2025|A1|12345|01  |1|157|157|5|00000000003812022|2
2025|A1|12345|01  |1|157|157|5|00000000003812030|2
2025|A1|12345|01  |1|157|157|5|00000000003815018|8
2025|A1|12345|01  |1|157|157|5|00000000003816016|1
2025|A1|12345|01  |1|157|157|5|00000000003819010|25
2025|A1|12345|01  |1|157|157|5|00000000003821015|7
2025|A1|12345|01  |1|157|157|5|00000000003892016|27
2025|A1|12345|01  |1|157|157|5|00000000003932010|5
2025|A1|12345|01  |1|157|157|5|00000000003932028|2
2025|A1|12345|01  |1|157|157|5|00000000003941029|2
2025|A1|12345|01  |1|157|157|5|00000000003951036|1
2025|A1|12345|01  |1|157|157|5|00000000003991016|1
2025|A1|12345|01  |1|157|157|5|00000000003996016|1
2025|A1|12345|01  |1|157|157|5|00000000003997030|1
2025|A1|12345|01  |1|157|157|5|00000000003999101|18
2025|A1|12345|01  |1|157|157|5|00000000003999903|1
2025|A1|12345|01  |1|157|157|5|00000000004111019|62
2025|A1|12345|01  |1|157|157|5|00000000004111027|63
2025|A1|12345|01  |1|157|157|5|00000000004111928|64
2025|A1|12345|01  |1|157|157|5|00000000004111936|5
2025|A1|12345|01  |1|157|157|5|00000000004111944|45
2025|A1|12345|01  |1|157|157|5|00000000004111952|7
2025|A1|12345|01  |1|157|157|5|00000000004112017|6
2025|A1|12345|01  |1|157|157|5|00000000004113015|10
2025|A1|12345|01  |1|157|157|5|00000000004121018|3
2025|A1|12345|01  |1|157|157|5|00000000004121026|5
2025|A1|12345|01  |1|157|157|5|00000000004123014|1
2025|A1|12345|01  |1|157|157|5|00000000004192019|1
2025|A1|12345|01  |1|157|157|5|00000000004193017|3
2025|A1|12345|01  |1|157|157|5|00000000004194015|2
2025|A1|12345|01  |1|157|157|5|00000000004199015|1
2025|A1|12345|01  |1|157|157|5|00000000004199908|15
2025|A1|12345|01  |1|157|157|5|00000000004211017|1
2025|A1|12345|01  |1|157|157|5|00000000004221016|5
2025|A1|12345|01  |1|157|157|5|00000000004222014|7
2025|A1|12345|01  |1|157|157|5|00000000004229010|1
2025|A1|12345|01  |1|157|157|5|00000000004291019|7
2025|A1|12345|01  |1|157|157|5|00000000004293015|1
2025|A1|12345|01  |1|157|157|5|00000000004299013|3
2025|A1|12345|01  |1|157|157|5|00000000005011010|50
2025|A1|12345|01  |1|157|157|5|00000000005011903|1
2025|A1|12345|01  |1|157|157|5|00000000005012018|18
2025|A1|12345|01  |1|157|157|5|00000000005111018|2
2025|A1|12345|01  |1|157|157|5|00000000006111017|1
2025|A1|12345|01  |1|157|157|5|00000000006112015|6
2025|A1|12345|01  |1|157|157|5|00000000006112023|1
2025|A1|12345|01  |1|157|157|5|00000000006119011|5
2025|A1|12345|01  |1|157|157|5|00000000006121024|3
2025|A1|12345|01  |1|157|157|5|00000000006122014|20
2025|A1|12345|01  |1|157|157|5|00000000006126032|1
2025|A1|12345|01  |1|157|157|5|00000000006131015|3
2025|A1|12345|01  |1|157|157|5|00000000006131023|222
2025|A1|12345|01  |1|157|157|5|00000000006132013|9
2025|A1|12345|01  |1|157|157|5|00000000006132021|29
2025|A1|12345|01  |1|157|157|5|00000000006132039|2
2025|A1|12345|01  |1|157|157|5|00000000006132047|6
2025|A1|12345|01  |1|157|157|5|00000000006132055|6
2025|A1|12345|01  |1|157|157|5|00000000006132071|1
2025|A1|12345|01  |1|157|157|5|00000000006132089|1
2025|A1|12345|01  |1|157|157|5|00000000006133011|1
2025|A1|12345|01  |1|157|157|5|00000000006133029|4
2025|A1|12345|01  |1|157|157|5|00000000006134019|6
2025|A1|12345|01  |1|157|157|5|00000000006135017|8
2025|A1|12345|01  |1|157|157|5|00000000006136023|2
2025|A1|12345|01  |1|157|157|5|00000000006211015|2
2025|A1|12345|01  |1|157|157|5|00000000006211023|125
2025|A1|12345|01  |1|157|157|5|00000000006212013|15
2025|A1|12345|01  |1|157|157|5|00000000006215017|5
2025|A1|12345|01  |1|157|157|5|00000000006215025|2
2025|A1|12345|01  |1|157|157|5|00000000006216023|7
2025|A1|12345|01  |1|157|157|5|00000000006221014|1
2025|A1|12345|01  |1|157|157|5|00000000006222012|4
2025|A1|12345|01  |1|157|157|5|00000000006224018|1
2025|A1|12345|01  |1|157|157|5|00000000006225016|4
2025|A1|12345|01  |1|157|157|5|00000000006225024|5
2025|A1|12345|01  |1|157|157|5|00000000006225032|1
2025|A1|12345|01  |1|157|157|5|00000000006226022|5
2025|A1|12345|01  |1|157|157|5|00000000006231013|15
2025|A1|12345|01  |1|157|157|5|00000000006231021|10
2025|A1|12345|01  |1|157|157|5|00000000006232011|5
2025|A1|12345|01  |1|157|157|5|00000000006233019|7
2025|A1|12345|01  |1|157|157|5|00000000006239017|12
2025|A1|12345|01  |1|157|157|5|00000000006311039|2
2025|A1|12345|01  |1|157|157|5|00000000006312011|17
2025|A1|12345|01  |1|157|157|5|00000000006314017|4
2025|A1|12345|01  |1|157|157|5|00000000006322010|5
2025|A1|12345|01  |1|157|157|5|00000000006325030|12
2025|A1|12345|01  |1|157|157|5|00000000006325048|1
2025|A1|12345|01  |1|157|157|5|00000000006326012|3
2025|A1|12345|01  |1|157|157|5|00000000006326020|2
2025|A1|12345|01  |1|157|157|5|00000000006329016|13
2025|A1|12345|01  |1|157|157|5|00000000006411011|35
2025|A1|12345|01  |1|157|157|5|00000000006412019|13
2025|A1|12345|01  |1|157|157|5|00000000006419015|1
2025|A1|12345|01  |1|157|157|5|00000000006511019|2
2025|A1|12345|01  |1|157|157|5|00000000006512017|11
2025|A1|12345|01  |1|157|157|5|00000000006513015|28
2025|A1|12345|01  |1|157|157|5|00000000006514013|2
2025|A1|12345|01  |1|157|157|5|00000000006519013|3
2025|A1|12345|01  |1|157|157|5|00000000006621016|1
2025|A1|12345|01  |1|157|157|5|00000000006622014|1
2025|A1|12345|01  |1|157|157|5|00000000006622022|15
2025|A1|12345|01  |1|157|157|5|00000000006623012|1
2025|A1|12345|01  |1|157|157|5|00000000006628012|1
2025|A1|12345|01  |1|157|157|5|00000000006629010|7
2025|A1|12345|01  |1|157|157|5|00000000006691019|1
2025|A1|12345|01  |1|157|157|5|00000000006692017|1
2025|A1|12345|01  |1|157|157|5|00000000006699021|3
2025|A1|12345|01  |1|157|157|5|00000000006699047|2
2025|A1|12345|01  |1|157|157|5|00000000006711015|1
2025|A1|12345|01  |1|157|157|5|00000000006714019|1
2025|A1|12345|01  |1|157|157|5|00000000006719019|3
2025|A1|12345|01  |1|157|157|5|00000000006729026|7
2025|A1|12345|01  |1|157|157|5|00000000006732011|3
2025|A1|12345|01  |1|157|157|5|00000000006811013|4
2025|A1|12345|01  |1|157|157|5|00000000006812011|1
2025|A1|12345|01  |1|157|157|5|00000000006815015|4
2025|A1|12345|01  |1|157|157|5|00000000006819017|5
2025|A1|12345|01  |1|157|157|5|00000000006911029|1
2025|A1|12345|01  |1|157|157|5|00000000006992011|1
2025|A1|12345|01  |1|157|157|5|00000000006999025|2
2025|A1|12345|01  |1|157|157|5|00000000006999041|1
2025|A1|12345|01  |1|157|157|5|00000000006999075|1
2025|A1|12345|01  |1|157|157|5|00000000006999083|2
2025|A1|12345|01  |1|157|157|5|00000000006999108|38
2025|A1|12345|01  |1|157|157|5|00000000006999900|17
2025|A1|12345|01  |1|157|157|5|00000000007111016|10
2025|A1|12345|01  |1|157|157|5|00000000007112014|21
2025|A1|12345|01  |1|157|157|5|00000000007113012|15
2025|A1|12345|01  |1|157|157|5|00000000007114010|9
2025|A1|12345|01  |1|157|157|5|00000000007115018|2
2025|A1|12345|01  |1|157|157|5|00000000007119010|5
2025|A1|12345|01  |1|157|157|5|00000000007121015|8
2025|A1|12345|01  |1|157|157|5|00000000007122013|2
2025|A1|12345|01  |1|157|157|5|00000000007123011|16
2025|A1|12345|01  |1|157|157|5|00000000007129019|81
2025|A1|12345|01  |1|157|157|5|00000000007129902|4
2025|A1|12345|01  |1|157|157|5|00000000007131014|8
2025|A1|12345|01  |1|157|157|5|00000000007133010|1
2025|A1|12345|01  |1|157|157|5|00000000007191018|3
2025|A1|12345|01  |1|157|157|5|00000000007291016|1
2025|A1|12345|01  |1|157|157|5|00000000007311012|9
2025|A1|12345|01  |1|157|157|5|00000000007414014|3
2025|A1|12345|01  |1|157|157|5|00000000007511018|2
2025|A1|12345|01  |1|157|157|5|00000000007512016|1
2025|A1|12345|01  |1|157|157|5|00000000007513014|5
2025|A1|12345|01  |1|157|157|5|00000000007519012|1
2025|A1|12345|01  |1|157|157|5|00000000007611016|4
2025|A1|12345|01  |1|157|157|5|00000000007613012|2
2025|A1|12345|01  |1|157|157|5|00000000007613905|1
2025|A1|12345|01  |1|157|157|5|00000000008113011|1
2025|A1|12345|01  |1|157|157|5|00000000008113128|1
2025|A1|12345|01  |1|157|157|5|00000000008123052|13
2025|A1|12345|01  |1|157|157|5|00000000008123060|6
2025|A1|12345|01  |1|157|157|5|00000000008123078|3
2025|A1|12345|01  |1|157|157|5|00000000008133027|3
2025|A1|12345|01  |1|157|157|5|00000000008133035|1
2025|A1|12345|01  |1|157|157|5|00000000008211013|1
2025|A1|12345|01  |1|157|157|5|00000000008219017|1
2025|A1|12345|01  |1|157|157|5|00000000008219025|2
2025|A1|12345|01  |1|157|157|5|00000000008219033|3
2025|A1|12345|01  |1|157|157|5|00000000008219041|17
2025|A1|12345|01  |1|157|157|5|00000000008219059|1
2025|A1|12345|01  |1|157|157|5|00000000008219067|3
2025|A1|12345|01  |1|157|157|5|00000000008219083|1
2025|A1|12345|01  |1|157|157|5|00000000008219122|1
2025|A1|12345|01  |1|157|157|5|00000000008219130|1
2025|A1|12345|01  |1|157|157|5|00000000008311011|1
2025|A1|12345|01  |1|157|157|5|00000000008312019|2
2025|A1|12345|01  |1|157|157|5|00000000008313017|1
2025|A1|12345|01  |1|157|157|5|00000000008411019|4
2025|A1|12345|01  |1|157|157|5|00000000008412017|2
2025|A1|12345|01  |1|157|157|5|00000000008413015|11
2025|A1|12345|01  |1|157|157|5|00000000008414013|2
2025|A1|12345|01  |1|157|157|5|00000000008415011|2
2025|A1|12345|01  |1|157|157|5|00000000008421018|4
2025|A1|12345|01  |1|157|157|5|00000000008422016|2
2025|A1|12345|01  |1|157|157|5|00000000008424012|39
2025|A1|12345|01  |1|157|157|5|00000000008425010|3
2025|A1|12345|01  |1|157|157|5|00000000008426018|4
2025|A1|12345|01  |1|157|157|5|00000000008426026|1
2025|A1|12345|01  |1|157|157|5|00000000008427016|15
2025|A1|12345|01  |1|157|157|5|00000000008428014|2
2025|A1|12345|01  |1|157|157|5|00000000008429012|3
2025|A1|12345|01  |1|157|157|5|00000000008429038|10
2025|A1|12345|01  |1|157|157|5|00000000008429046|1
2025|A1|12345|01  |1|157|157|5|00000000008511017|5
2025|A1|12345|01  |1|157|157|5|00000000008511033|1
2025|A1|12345|01  |1|157|157|5|00000000008519011|4
2025|A1|12345|01  |1|157|157|5|00000000008521016|2
2025|A1|12345|01  |1|157|157|5|00000000008522014|3
2025|A1|12345|01  |1|157|157|5|00000000008523012|1
2025|A1|12345|01  |1|157|157|5|00000000008524010|1
2025|A1|12345|01  |1|157|157|5|00000000008611015|14
2025|A1|12345|01  |1|157|157|5|00000000008612013|2
2025|A1|12345|01  |1|157|157|5|00000000008619019|3
2025|A1|12345|01  |1|157|157|5|00000000008711013|11
2025|A1|12345|01  |1|157|157|5|00000000008711021|172
2025|A1|12345|01  |1|157|157|5|00000000008712011|34
2025|A1|12345|01  |1|157|157|5|00000000008714017|2
2025|A1|12345|01  |1|157|157|5|00000000008719017|1
2025|A1|12345|01  |1|157|157|5|00000000008721012|2
2025|A1|12345|01  |1|157|157|5|00000000008722010|106
2025|A1|12345|01  |1|157|157|5|00000000008723018|3
2025|A1|12345|01  |1|157|157|5|00000000008813017|2
2025|A1|12345|01  |1|157|157|5|00000000008814015|1
2025|A1|12345|01  |1|157|157|5|00000000008821028|1
2025|A1|12345|01  |1|157|157|5|00000000008824014|3
2025|A1|12345|01  |1|157|157|5|00000000008825012|3
2025|A1|12345|01  |1|157|157|5|00000000008827018|2
2025|A1|12345|01  |1|157|157|5|00000000008829048|1
2025|A1|12345|01  |1|157|157|5|00000000008839013|1
2025|A1|12345|01  |1|157|157|5|00000000008839906|2
2025|A1|12345|01  |1|157|157|5|00000000008911019|27
2025|A1|12345|01  |1|157|157|5|00000000008913015|11
2025|A1|12345|01  |1|157|157|5|00000000008914013|5
2025|A1|12345|01  |1|157|157|5|00000000008915011|7
2025|A1|12345|01  |1|157|157|5|00000000008919013|14
2025|A1|12345|01  |1|157|157|5|00000000008921018|1
2025|A1|12345|01  |1|157|157|5|00000000008922016|15
2025|A1|12345|01  |1|157|157|5|00000000008922024|2
2025|A1|12345|01  |1|157|157|5|00000000008929020|2
2025|A1|12345|01  |1|157|157|5|00000000008932015|5
2025|A1|12345|01  |1|157|157|5|00000000008933013|36
2025|A1|12345|01  |1|157|157|5|00000000008934011|6
2025|A1|12345|01  |1|157|157|5|00000000008935019|38
2025|A1|12345|01  |1|157|157|5|00000000008936017|2
2025|A1|12345|01  |1|157|157|5|00000000008939011|2
2025|A1|12345|01  |1|157|157|5|00000000008941016|4
2025|A1|12345|01  |1|157|157|5|00000000008942014|8
2025|A1|12345|01  |1|157|157|5|00000000008944028|5
2025|A1|12345|01  |1|157|157|5|00000000008944098|38
2025|A1|12345|01  |1|157|157|5|00000000008949010|1
2025|A1|12345|01  |1|157|157|5|00000000008949888|7
2025|A1|12345|01  |1|157|157|5|00000000008949896|1
2025|A1|12345|01  |1|157|157|5|00000000008949903|24
2025|A1|12345|01  |1|157|157|5|00000000008991011|2376
2025|A1|12345|01  |1|157|157|5|00000000009112012|89
2025|A1|12345|01  |1|157|157|5|00000000009113010|35
2025|A1|12345|01  |1|157|157|5|00000000009115016|21
2025|A1|12345|01  |1|157|157|5|00000000009119018|12
2025|A1|12345|01  |1|157|157|5|00000000009121013|8
2025|A1|12345|01  |1|157|157|5|00000000009122011|5
2025|A1|12345|01  |1|157|157|5|00000000009129017|5
2025|A1|12345|01  |1|157|157|5|00000000009191016|1
2025|A1|12345|01  |1|157|157|5|00000000009211012|84
2025|A1|12345|01  |1|157|157|5|00000000009212010|17
2025|A1|12345|01  |1|157|157|5|00000000009213018|10
2025|A1|12345|01  |1|157|157|5|00000000009214016|7
2025|A1|12345|01  |1|157|157|5|00000000009215014|1
2025|A1|12345|01  |1|157|157|5|00000000009219016|2
2025|A1|12345|01  |1|157|157|5|00000000009221011|1
2025|A1|12345|01  |1|157|157|5|00000000009231010|1
2025|A1|12345|01  |1|157|157|5|00000000009231028|3
2025|A1|12345|01  |1|157|157|5|00000000009311044|3
2025|A1|12345|01  |1|157|157|5|00000000009322017|1
2025|A1|12345|01  |1|157|157|5|00000000009331018|13
2025|A1|12345|01  |1|157|157|5|00000000009411018|55
2025|A1|12345|01  |1|157|157|5|00000000009411026|52
2025|A1|12345|01  |1|157|157|5|00000000009411034|92
2025|A1|12345|01  |1|157|157|5|00000000009411901|2
2025|A1|12345|01  |1|157|157|5|00000000009411919|2
2025|A1|12345|01  |1|157|157|5|00000000009411998|30
2025|A1|12345|01  |1|157|157|5|00000000009471012|1
2025|A1|12345|01  |1|157|157|5|00000000009911018|3
2025|A1|12345|01  |1|157|157|5|00000000009912024|3
2025|A1|12345|01  |1|157|157|5|00000000009919012|47
2025|A1|12345|01  |1|157|157|5|00000000009999999|480
2025|A1|12345|01  |1|157|157|5|00000000|1530
2025|A1|12345|01  |5|157|157|5|00000000008219025|1
2025|A1|12345|03  |1|157|157|5|00000000008991011|1
2025|A1|12345|03  |1|157|157|5|00000000009999999|2
2025|A1|12345|03  |1|157|157|5|00000000|25
2025|A1|12345|03  |1|67|157|5|00000000|5
2025|A1|12345|05  |1|157|157|5|00000000000111089|1
2025|A1|12345|05  |1|157|157|5|00000000002093011|2
2025|A1|12345|05  |1|157|157|5|00000000002639013|1
2025|A1|12345|05  |1|157|157|5|00000000003699024|1
2025|A1|12345|05  |1|157|157|5|00000000003793024|1
2025|A1|12345|05  |1|157|157|5|00000000006114011|1
2025|A1|12345|05  |1|157|157|5|00000000006131023|1
2025|A1|12345|05  |1|157|157|5|00000000006216023|1
2025|A1|12345|05  |1|157|157|5|00000000006233019|1
2025|A1|12345|05  |1|157|157|5|00000000006325030|1
2025|A1|12345|05  |1|157|157|5|00000000007123011|1
2025|A1|12345|05  |1|157|157|5|00000000008711021|2
2025|A1|12345|05  |1|157|157|5|00000000008712011|1
2025|A1|12345|05  |1|157|157|5|00000000008933013|2
2025|A1|12345|05  |1|157|157|5|00000000008991011|2
2025|A1|12345|05  |1|157|157|5|00000000009919012|1
2025|A1|12345|05  |1|157|157|5|00000000009999999|1
2025|A1|12345|05  |1|157|157|5|00000000|1
2025|A1|12345|15 PEP|1|157|157|5|00000000000111104|1
2025|A1|12345|15 PEP|1|157|157|5|00000000002012011|1
2025|A1|12345|15 PEP|1|157|157|5|00000000002093011|1
2025|A1|12345|15 PEP|1|157|157|5|00000000002432011|1
2025|A1|12345|15 PEP|1|157|157|5|00000000002612019|1
2025|A1|12345|15 PEP|1|157|157|5|00000000003593028|1
2025|A1|12345|15 PEP|1|157|157|5|00000000004111019|1
2025|A1|12345|15 PEP|1|157|157|5|00000000004111944|1
2025|A1|12345|15 PEP|1|157|157|5|00000000005011010|1
2025|A1|12345|15 PEP|1|157|157|5|00000000006131023|2
2025|A1|12345|15 PEP|1|157|157|5|00000000006212013|1
2025|A1|12345|15 PEP|1|157|157|5|00000000006513015|1
2025|A1|12345|15 PEP|1|157|157|5|00000000008219025|1
2025|A1|12345|15 PEP|1|157|157|5|00000000008219041|1
2025|A1|12345|15 PEP|1|157|157|5|00000000008424012|1
2025|A1|12345|15 PEP|1|157|157|5|00000000008519011|1
2025|A1|12345|15 PEP|1|157|157|5|00000000008991011|5
2025|A1|12345|15 PEP|1|157|157|5|00000000009112012|1
2025|A1|12345|15 PEP|1|157|157|5|00000000009113010|2
2025|A1|12345|15 PEP|1|157|157|5|00000000009115016|1
2025|A1|12345|15 PEP|1|157|157|5|00000000009411018|4
2025|A1|12345|15 PEP|1|157|157|5|00000000009411026|3
2025|A1|12345|15 PEP|1|157|157|5|00000000009411034|6
2025|A1|12345|15 PEP|1|157|157|5|00000000009411998|1
2025|A1|12345|15 PEP|1|157|157|5|00000000009999999|2
2025|A1|12345|15 PEP|1|157|157|5|00000000|3
